{
	"info": {
		"_postman_id": "200c4d76-422b-4873-919e-c57e3d015812",
		"name": "Trabalho ZoologicoAmigo",
		"schema": "https://schema.getpostman.com/json/collection/v2.1.0/collection.json",
		"_exporter_id": "19759017"
	},
	"item": [
		{
			"name": "User",
			"item": [
				{
					"name": "autorizar",
					"request": {
						"method": "GET",
						"header": [
							{
								"key": "usuario",
								"value": "anderson",
								"type": "text"
							},
							{
								"key": "senha",
								"value": "123",
								"type": "text"
							}
						],
						"url": {
							"raw": "http://localhost:8080/ZoologicoAmigo/user/autorizar",
							"protocol": "http",
							"host": [
								"localhost"
							],
							"port": "8080",
							"path": [
								"ZoologicoAmigo",
								"user",
								"autorizar"
							]
						}
					},
					"response": []
				},
				{
					"name": "findAll",
					"request": {
						"method": "GET",
						"header": [
							{
								"key": "token",
								"value": "eyJ0eXAiOiJKV1QiLCJhbGciOiJIUzI1NiJ9.eyJzdWIiOiJhbmRlcnNvbiIsImlzcyI6Ilpvb2xvZ2ljb0FtaWdvIiwiaWF0IjoxNjU2MDAyNTA2LCJwYXNzd29yZCI6ImFkbWluIiwiZXhwIjoxNjU4NTIyNTA2fQ.30EgpdaJ_7hybvrYug5kmk99eUk38i8E1Ie5lp0nkj8",
								"type": "text"
							}
						],
						"url": {
							"raw": "http://localhost:8080/ZoologicoAmigo/user/findAll",
							"protocol": "http",
							"host": [
								"localhost"
							],
							"port": "8080",
							"path": [
								"ZoologicoAmigo",
								"user",
								"findAll"
							]
						}
					},
					"response": []
				},
				{
					"name": "findById",
					"request": {
						"method": "GET",
						"header": [
							{
								"key": "id",
								"value": "2",
								"type": "text"
							},
							{
								"key": "token",
								"value": "eyJ0eXAiOiJKV1QiLCJhbGciOiJIUzI1NiJ9.eyJzdWIiOiJhbmRlcnNvbiIsImlzcyI6Ilpvb2xvZ2ljb0FtaWdvIiwiaWF0IjoxNjU2MDAyNTA2LCJwYXNzd29yZCI6ImFkbWluIiwiZXhwIjoxNjU4NTIyNTA2fQ.30EgpdaJ_7hybvrYug5kmk99eUk38i8E1Ie5lp0nkj8",
								"type": "text"
							}
						],
						"url": {
							"raw": "http://localhost:8080/ZoologicoAmigo/user/findById",
							"protocol": "http",
							"host": [
								"localhost"
							],
							"port": "8080",
							"path": [
								"ZoologicoAmigo",
								"user",
								"findById"
							]
						}
					},
					"response": []
				},
				{
					"name": "findByUser",
					"request": {
						"method": "GET",
						"header": [
							{
								"key": "usuario",
								"value": "anderson",
								"type": "text"
							},
							{
								"key": "token",
								"value": "eyJ0eXAiOiJKV1QiLCJhbGciOiJIUzI1NiJ9.eyJzdWIiOiJhbmRlcnNvbiIsImlzcyI6Ilpvb2xvZ2ljb0FtaWdvIiwiaWF0IjoxNjU2MDAyNTA2LCJwYXNzd29yZCI6ImFkbWluIiwiZXhwIjoxNjU4NTIyNTA2fQ.30EgpdaJ_7hybvrYug5kmk99eUk38i8E1Ie5lp0nkj8",
								"type": "text"
							}
						],
						"url": {
							"raw": "http://localhost:8080/ZoologicoAmigo/user/findByUser",
							"protocol": "http",
							"host": [
								"localhost"
							],
							"port": "8080",
							"path": [
								"ZoologicoAmigo",
								"user",
								"findByUser"
							]
						}
					},
					"response": []
				},
				{
					"name": "insert",
					"request": {
						"method": "POST",
						"header": [],
						"body": {
							"mode": "raw",
							"raw": "{\r\n    \"nome\": \"Mario Garnin\",\r\n    \"usuario\": \"mario\",\r\n    \"senha\": \"789\"\r\n}",
							"options": {
								"raw": {
									"language": "json"
								}
							}
						},
						"url": {
							"raw": "http://localhost:8080/ZoologicoAmigo/user/insert",
							"protocol": "http",
							"host": [
								"localhost"
							],
							"port": "8080",
							"path": [
								"ZoologicoAmigo",
								"user",
								"insert"
							]
						}
					},
					"response": []
				},
				{
					"name": "update",
					"request": {
						"method": "PUT",
						"header": [],
						"body": {
							"mode": "raw",
							"raw": "    {\r\n        \"id\": 4,\r\n        \"nome\": \"Mario Quintana\",\r\n        \"usuario\": \"mario_ambrozio\",\r\n        \"senha\": \"789\"\r\n    }",
							"options": {
								"raw": {
									"language": "json"
								}
							}
						},
						"url": {
							"raw": "http://localhost:8080/ZoologicoAmigo/user/update",
							"protocol": "http",
							"host": [
								"localhost"
							],
							"port": "8080",
							"path": [
								"ZoologicoAmigo",
								"user",
								"update"
							]
						}
					},
					"response": []
				},
				{
					"name": "delete",
					"request": {
						"method": "DELETE",
						"header": [
							{
								"key": "id",
								"value": "4",
								"type": "text"
							},
							{
								"key": "token",
								"value": "eyJ0eXAiOiJKV1QiLCJhbGciOiJIUzI1NiJ9.eyJzdWIiOiJhbmRlcnNvbiIsImlzcyI6Ilpvb2xvZ2ljb0FtaWdvIiwiaWF0IjoxNjU2MDAyNTA2LCJwYXNzd29yZCI6ImFkbWluIiwiZXhwIjoxNjU4NTIyNTA2fQ.30EgpdaJ_7hybvrYug5kmk99eUk38i8E1Ie5lp0nkj8",
								"type": "text"
							}
						],
						"url": {
							"raw": "http://localhost:8080/ZoologicoAmigo/user/delete",
							"protocol": "http",
							"host": [
								"localhost"
							],
							"port": "8080",
							"path": [
								"ZoologicoAmigo",
								"user",
								"delete"
							]
						}
					},
					"response": []
				}
			]
		},
		{
			"name": "Espécie",
			"item": [
				{
					"name": "findAll",
					"request": {
						"method": "GET",
						"header": [
							{
								"key": "token",
								"value": "eyJ0eXAiOiJKV1QiLCJhbGciOiJIUzI1NiJ9.eyJzdWIiOiJhbmRlcnNvbiIsImlzcyI6Ilpvb2xvZ2ljb0FtaWdvIiwiaWF0IjoxNjU2MDAyNTA2LCJwYXNzd29yZCI6ImFkbWluIiwiZXhwIjoxNjU4NTIyNTA2fQ.30EgpdaJ_7hybvrYug5kmk99eUk38i8E1Ie5lp0nkj8",
								"type": "text"
							}
						],
						"url": {
							"raw": "http://localhost:8080/ZoologicoAmigo/especie/findAll",
							"protocol": "http",
							"host": [
								"localhost"
							],
							"port": "8080",
							"path": [
								"ZoologicoAmigo",
								"especie",
								"findAll"
							]
						}
					},
					"response": []
				},
				{
					"name": "findById",
					"request": {
						"method": "GET",
						"header": [
							{
								"key": "id",
								"value": "2",
								"type": "text"
							},
							{
								"key": "token",
								"value": "eyJ0eXAiOiJKV1QiLCJhbGciOiJIUzI1NiJ9.eyJzdWIiOiJhbmRlcnNvbiIsImlzcyI6Ilpvb2xvZ2ljb0FtaWdvIiwiaWF0IjoxNjU2MDAyNTA2LCJwYXNzd29yZCI6ImFkbWluIiwiZXhwIjoxNjU4NTIyNTA2fQ.30EgpdaJ_7hybvrYug5kmk99eUk38i8E1Ie5lp0nkj8",
								"type": "text"
							}
						],
						"url": {
							"raw": "http://localhost:8080/ZoologicoAmigo/especie/findById",
							"protocol": "http",
							"host": [
								"localhost"
							],
							"port": "8080",
							"path": [
								"ZoologicoAmigo",
								"especie",
								"findById"
							]
						}
					},
					"response": []
				},
				{
					"name": "findByNome",
					"request": {
						"method": "GET",
						"header": [
							{
								"key": "nome",
								"value": "Mamífero",
								"type": "text"
							},
							{
								"key": "token",
								"value": "eyJ0eXAiOiJKV1QiLCJhbGciOiJIUzI1NiJ9.eyJzdWIiOiJhbmRlcnNvbiIsImlzcyI6Ilpvb2xvZ2ljb0FtaWdvIiwiaWF0IjoxNjU2MDAyNTA2LCJwYXNzd29yZCI6ImFkbWluIiwiZXhwIjoxNjU4NTIyNTA2fQ.30EgpdaJ_7hybvrYug5kmk99eUk38i8E1Ie5lp0nkj8",
								"type": "text"
							}
						],
						"url": {
							"raw": "http://localhost:8080/ZoologicoAmigo/especie/findByNome",
							"protocol": "http",
							"host": [
								"localhost"
							],
							"port": "8080",
							"path": [
								"ZoologicoAmigo",
								"especie",
								"findByNome"
							]
						}
					},
					"response": []
				},
				{
					"name": "findByPartNome",
					"request": {
						"method": "GET",
						"header": [
							{
								"key": "partNome",
								"value": "Mam",
								"type": "text"
							},
							{
								"key": "token",
								"value": "eyJ0eXAiOiJKV1QiLCJhbGciOiJIUzI1NiJ9.eyJzdWIiOiJhbmRlcnNvbiIsImlzcyI6Ilpvb2xvZ2ljb0FtaWdvIiwiaWF0IjoxNjU2MDAyNTA2LCJwYXNzd29yZCI6ImFkbWluIiwiZXhwIjoxNjU4NTIyNTA2fQ.30EgpdaJ_7hybvrYug5kmk99eUk38i8E1Ie5lp0nkj8",
								"type": "text"
							}
						],
						"url": {
							"raw": "http://localhost:8080/ZoologicoAmigo/especie/findByPartNome",
							"protocol": "http",
							"host": [
								"localhost"
							],
							"port": "8080",
							"path": [
								"ZoologicoAmigo",
								"especie",
								"findByPartNome"
							]
						}
					},
					"response": []
				},
				{
					"name": "insert",
					"request": {
						"method": "POST",
						"header": [],
						"body": {
							"mode": "raw",
							"raw": "{\r\n    \"nome\": \"Anfíbio\",\r\n    \"comida\": \"Larva\",\r\n    \"habitat\": \"Cachoeira\"\r\n}",
							"options": {
								"raw": {
									"language": "json"
								}
							}
						},
						"url": {
							"raw": "http://localhost:8080/ZoologicoAmigo/especie/insert",
							"protocol": "http",
							"host": [
								"localhost"
							],
							"port": "8080",
							"path": [
								"ZoologicoAmigo",
								"especie",
								"insert"
							]
						}
					},
					"response": []
				},
				{
					"name": "update",
					"request": {
						"method": "PUT",
						"header": [],
						"body": {
							"mode": "raw",
							"raw": "{\r\n    \"id\": 5,\r\n    \"nome\": \"Anfíbio\",\r\n    \"comida\": \"Comida estragada\",\r\n    \"habitat\": \"Selva\"\r\n}",
							"options": {
								"raw": {
									"language": "json"
								}
							}
						},
						"url": {
							"raw": "http://localhost:8080/ZoologicoAmigo/especie/update",
							"protocol": "http",
							"host": [
								"localhost"
							],
							"port": "8080",
							"path": [
								"ZoologicoAmigo",
								"especie",
								"update"
							]
						}
					},
					"response": []
				},
				{
					"name": "delete",
					"request": {
						"method": "DELETE",
						"header": [
							{
								"key": "id",
								"value": "5",
								"type": "text"
							},
							{
								"key": "token",
								"value": "eyJ0eXAiOiJKV1QiLCJhbGciOiJIUzI1NiJ9.eyJzdWIiOiJhbmRlcnNvbiIsImlzcyI6Ilpvb2xvZ2ljb0FtaWdvIiwiaWF0IjoxNjU2MDAyNTA2LCJwYXNzd29yZCI6ImFkbWluIiwiZXhwIjoxNjU4NTIyNTA2fQ.30EgpdaJ_7hybvrYug5kmk99eUk38i8E1Ie5lp0nkj8",
								"type": "text"
							}
						],
						"url": {
							"raw": "http://localhost:8080/ZoologicoAmigo/especie/delete",
							"protocol": "http",
							"host": [
								"localhost"
							],
							"port": "8080",
							"path": [
								"ZoologicoAmigo",
								"especie",
								"delete"
							]
						}
					},
					"response": []
				}
			]
		},
		{
			"name": "Animal",
			"item": [
				{
					"name": "findAll",
					"request": {
						"method": "GET",
						"header": [
							{
								"key": "token",
								"value": "eyJ0eXAiOiJKV1QiLCJhbGciOiJIUzI1NiJ9.eyJzdWIiOiJhbmRlcnNvbiIsImlzcyI6Ilpvb2xvZ2ljb0FtaWdvIiwiaWF0IjoxNjU2MDAyNTA2LCJwYXNzd29yZCI6ImFkbWluIiwiZXhwIjoxNjU4NTIyNTA2fQ.30EgpdaJ_7hybvrYug5kmk99eUk38i8E1Ie5lp0nkj8",
								"type": "text"
							}
						],
						"url": {
							"raw": "http://localhost:8080/ZoologicoAmigo/animal/findAll",
							"protocol": "http",
							"host": [
								"localhost"
							],
							"port": "8080",
							"path": [
								"ZoologicoAmigo",
								"animal",
								"findAll"
							]
						}
					},
					"response": []
				},
				{
					"name": "findById",
					"request": {
						"method": "GET",
						"header": [
							{
								"key": "id",
								"value": "2",
								"type": "text"
							},
							{
								"key": "token",
								"value": "eyJ0eXAiOiJKV1QiLCJhbGciOiJIUzI1NiJ9.eyJzdWIiOiJhbmRlcnNvbiIsImlzcyI6Ilpvb2xvZ2ljb0FtaWdvIiwiaWF0IjoxNjU2MDAyNTA2LCJwYXNzd29yZCI6ImFkbWluIiwiZXhwIjoxNjU4NTIyNTA2fQ.30EgpdaJ_7hybvrYug5kmk99eUk38i8E1Ie5lp0nkj8",
								"type": "text"
							}
						],
						"url": {
							"raw": "http://localhost:8080/ZoologicoAmigo/animal/findById",
							"protocol": "http",
							"host": [
								"localhost"
							],
							"port": "8080",
							"path": [
								"ZoologicoAmigo",
								"animal",
								"findById"
							]
						}
					},
					"response": []
				},
				{
					"name": "findByNome",
					"request": {
						"method": "GET",
						"header": [
							{
								"key": "nome",
								"value": "Sapo",
								"type": "text"
							},
							{
								"key": "token",
								"value": "eyJ0eXAiOiJKV1QiLCJhbGciOiJIUzI1NiJ9.eyJzdWIiOiJhbmRlcnNvbiIsImlzcyI6Ilpvb2xvZ2ljb0FtaWdvIiwiaWF0IjoxNjU2MDAyNTA2LCJwYXNzd29yZCI6ImFkbWluIiwiZXhwIjoxNjU4NTIyNTA2fQ.30EgpdaJ_7hybvrYug5kmk99eUk38i8E1Ie5lp0nkj8",
								"type": "text"
							}
						],
						"url": {
							"raw": "http://localhost:8080/ZoologicoAmigo/animal/findByNome",
							"protocol": "http",
							"host": [
								"localhost"
							],
							"port": "8080",
							"path": [
								"ZoologicoAmigo",
								"animal",
								"findByNome"
							]
						}
					},
					"response": []
				},
				{
					"name": "findByPartNome",
					"request": {
						"method": "GET",
						"header": [
							{
								"key": "partNome",
								"value": "aca",
								"type": "text"
							},
							{
								"key": "token",
								"value": "eyJ0eXAiOiJKV1QiLCJhbGciOiJIUzI1NiJ9.eyJzdWIiOiJhbmRlcnNvbiIsImlzcyI6Ilpvb2xvZ2ljb0FtaWdvIiwiaWF0IjoxNjU2MDAyNTA2LCJwYXNzd29yZCI6ImFkbWluIiwiZXhwIjoxNjU4NTIyNTA2fQ.30EgpdaJ_7hybvrYug5kmk99eUk38i8E1Ie5lp0nkj8",
								"type": "text"
							}
						],
						"url": {
							"raw": "http://localhost:8080/ZoologicoAmigo/animal/findByPartNome",
							"protocol": "http",
							"host": [
								"localhost"
							],
							"port": "8080",
							"path": [
								"ZoologicoAmigo",
								"animal",
								"findByPartNome"
							]
						}
					},
					"response": []
				},
				{
					"name": "insert",
					"request": {
						"method": "POST",
						"header": [],
						"body": {
							"mode": "raw",
							"raw": "{\r\n        \"nome\": \"Girafa\",\r\n        \"sexo\": \"F\",\r\n        \"datanascimento\": \"2022-06-23T15:10\",\r\n        \"peso\": 128.2,\r\n        \"altura\": 4.70,\r\n        \"especie\": {\r\n            \"id\": 2\r\n        }\r\n    }",
							"options": {
								"raw": {
									"language": "json"
								}
							}
						},
						"url": {
							"raw": "http://localhost:8080/ZoologicoAmigo/animal/insert",
							"protocol": "http",
							"host": [
								"localhost"
							],
							"port": "8080",
							"path": [
								"ZoologicoAmigo",
								"animal",
								"insert"
							]
						}
					},
					"response": []
				},
				{
					"name": "update",
					"request": {
						"method": "PUT",
						"header": [],
						"body": {
							"mode": "raw",
							"raw": "{\r\n    \"id\": 5,\r\n    \"nome\": \"Girafa Amarela Pintada\",\r\n    \"sexo\": \"F\",\r\n    \"datanascimento\": \"2022-06-23T15:10\",\r\n    \"peso\": 248.2,\r\n    \"altura\": 5.9,\r\n    \"especie\": {\r\n        \"id\": 1\r\n    }\r\n}",
							"options": {
								"raw": {
									"language": "json"
								}
							}
						},
						"url": {
							"raw": "http://localhost:8080/ZoologicoAmigo/animal/update",
							"protocol": "http",
							"host": [
								"localhost"
							],
							"port": "8080",
							"path": [
								"ZoologicoAmigo",
								"animal",
								"update"
							]
						}
					},
					"response": []
				},
				{
					"name": "delete",
					"request": {
						"method": "DELETE",
						"header": [
							{
								"key": "id",
								"value": "5",
								"type": "text"
							},
							{
								"key": "token",
								"value": "eyJ0eXAiOiJKV1QiLCJhbGciOiJIUzI1NiJ9.eyJzdWIiOiJhbmRlcnNvbiIsImlzcyI6Ilpvb2xvZ2ljb0FtaWdvIiwiaWF0IjoxNjU2MDAyNTA2LCJwYXNzd29yZCI6ImFkbWluIiwiZXhwIjoxNjU4NTIyNTA2fQ.30EgpdaJ_7hybvrYug5kmk99eUk38i8E1Ie5lp0nkj8",
								"type": "text"
							}
						],
						"url": {
							"raw": "http://localhost:8080/ZoologicoAmigo/animal/delete",
							"protocol": "http",
							"host": [
								"localhost"
							],
							"port": "8080",
							"path": [
								"ZoologicoAmigo",
								"animal",
								"delete"
							]
						}
					},
					"response": []
				}
			]
		}
	]
}